Ticker,tv_symbol,signal,bar_status,last_bar_week,market_cap,mrs_confirmed,cross_week_confirmed,above_30ma_confirmed,ma_slope_confirmed,vol_spike_confirmed,mrs_live,cross_week_live,above_30ma_live,ma_slope_live,vol_spike_live,last_close,avg_volume
KOD,NASDAQ:KOD,BOTH,closed,2026-10-05,6276775270.59,17.18,2026-09-28,True,up,True,17.18,2026-09-28,True,up,True,99.87,6407167
RXO,NYSE:RXO,BOTH,closed,2026-10-05,4797067554.05447,4.25,2026-09-28,True,up,True,4.25,2026-09-28,True,up,True,29.08,10793323
PCVX,NASDAQ:PCVX,BOTH,closed,2026-10-05,10621720743.64,2.2,2026-10-05,True,up,True,2.2,2026-10-05,True,up,True,71.38,8400096
ITUB,NYSE:ITUB,BOTH,closed,2026-10-05,111982225026.72,1.81,2026-09-28,True,up,True,1.81,2026-09-28,True,up,True,10.16,115516158
PTC,NASDAQ:PTC,BOTH,closed,2026-10-05,21123536403.08075,1.59,2026-10-05,True,down,True,1.59,2026-10-05,True,down,True,194.45,10665914
SHOP,NASDAQ:SHOP,BOTH,closed,2026-10-05,219823123464.40134,1.52,2026-09-28,True,up,True,1.52,2026-09-28,True,up,True,170.85,44690248
SBS,NYSE:SBS,BOTH,closed,2026-10-05,23701837585.535683,1.24,2026-10-05,True,flat,True,1.24,2026-10-05,True,flat,True,6.74,40406274
AVPT,NASDAQ:AVPT,BOTH,closed,2026-10-05,3095202206.5917416,1.09,2026-09-28,True,up,True,1.09,2026-09-28,True,up,True,14.63,10696004
PAGS,NYSE:PAGS,BOTH,closed,2026-10-05,3119435823.2400002,0.91,2026-10-05,True,down,True,0.91,2026-10-05,True,down,True,11.16,15894141
GME,NYSE:GME,BOTH,closed,2026-10-05,13399546294.4,0.87,2026-09-28,True,up,True,0.87,2026-09-28,True,up,True,26.56,33780651
CTVA,NYSE:CTVA,BOTH,closed,2026-10-05,8833675040.0,0.62,2026-10-05,True,up,True,0.62,2026-10-05,True,up,True,13.24,156701657
BRZE,NASDAQ:BRZE,BOTH,closed,2026-10-05,3300763387.9593716,0.58,2026-10-05,True,up,True,0.58,2026-10-05,True,up,True,29.06,12887627
SNPS,NASDAQ:SNPS,BOTH,closed,2026-10-05,97732771222.08838,0.51,2026-09-28,True,up,True,0.51,2026-09-28,True,up,True,509.99,10117259
OPCH,NASDAQ:OPCH,BOTH,closed,2026-10-05,4654083081.83,0.44,2026-10-05,True,down,True,0.44,2026-10-05,True,down,True,31.07,15941854
MDB,NASDAQ:MDB,BOTH,closed,2026-10-05,31041093587.11,0.22,2026-10-05,True,up,True,0.22,2026-10-05,True,up,True,385.93,10770946
GRND,NYSE:GRND,BOTH,closed,2026-10-05,2612524023.81,0.14,2026-10-05,True,up,True,0.14,2026-10-05,True,up,True,15.03,8110539
NWE,NASDAQ:NWE,BOTH,closed,2026-10-05,4561548577.5,0.08,2026-10-05,True,up,True,0.08,2026-10-05,True,up,True,74.15,2347901
PLUS,NASDAQ:PLUS,BOTH,closed,2026-10-05,2434236079.021637,0.08,2026-09-28,True,up,True,0.08,2026-09-28,True,up,True,93.3,1200545
